{
  "lang":"en",
  "name":"pipeline",
  "version":"0.0.0",
  "spacy_version":">=3.8.11,<3.9.0",
  "description":"",
  "author":"",
  "email":"",
  "url":"",
  "license":"",
  "spacy_git_version":"e7a662a",
  "vectors":{
    "width":0,
    "vectors":0,
    "keys":0,
    "name":null,
    "mode":"default"
  },
  "labels":{
    "entity_ruler":[
      "AREA",
      "LOCALITY",
      "STREET"
    ]
  },
  "pipeline":[
    "entity_ruler"
  ],
  "components":[
    "entity_ruler"
  ],
  "disabled":[

  ]
}